pr_number,head_sha,merge_commit_sha,workflow_name,workflow_status,workflow_conclusion,run_number,run_id,workflow_id,evidence_notes
31,785b76aa483a601b7aa8acf354f82a44b5318199,b204393fd41f63270716343e6d73839bf77d1bd4,CI,completed,success,1,25399847979,271607213,Confirmed via fetch_commit_workflow_runs on PR head SHA; automated validation workflow introduced
32,4b76ba8ccfc3af8cdd0200baa976552fdfb97567,unknown,CI,completed,success,3,25402070468,271607213,Confirmed via fetch_commit_workflow_runs on PR head SHA; chief scientific reviewer agent documentation
33,20a5c6299a1f647f14b5a4b0f61dceb2b75b414a,unknown,CI,completed,success,5,25403372552,271607213,Confirmed via fetch_commit_workflow_runs on PR head SHA; fail-closed validation status checker
34,499a32c0716ca7229cdcc457d89d3b59b70ff138,unknown,CI,completed,success,7,25408362741,271607213,Confirmed via fetch_commit_workflow_runs on PR head SHA; multi-resolution energy enstrophy validation
35,2c2b9b398b728536d83841aefe0117cd8bbab999,unknown,CI,completed,success,9,25409308164,271607213,Confirmed via fetch_commit_workflow_runs on PR head SHA; validation JSON schema standardization
36,46f31051352c8ca17615c100a67db240ef6e56b2,unknown,CI,completed,success,11,25409830002,271607213,Confirmed via fetch_commit_workflow_runs on PR head SHA; consolidated scientific validation report
37,09d3fac62d6194225317ad66b0fee5d6da4f3682,unknown,CI,completed,success,13,25411521403,271607213,Confirmed via fetch_commit_workflow_runs on PR head SHA; reproducible validation figures; same head SHA also returned run 15
38,09d3fac62d6194225317ad66b0fee5d6da4f3682,unknown,CI,completed,success,15,25411533745,271607213,Confirmed via fetch_commit_workflow_runs on PR head SHA; duplicate/superseded-looking figures PR sharing head SHA with PR 37
39,a5a718c19ce8664cfe74a617c2b47f716fe9dc70,unknown,CI,completed,success,17,25412180991,271607213,Confirmed via fetch_commit_workflow_runs on PR head SHA; CI artifact ordering fix
40,6dade414c6e070a67b08ce2eb58ce9cc80df6673,unknown,CI,completed,success,19,25412336973,271607213,Confirmed via fetch_commit_workflow_runs on PR head SHA; controlled 2D forcing V&V design
41,6e9a8e003a5bcaf41ce40fa3525bccf26813f106,unknown,CI,completed,success,21,25412562166,271607213,Confirmed via fetch_commit_workflow_runs on PR head SHA; disabled forcing defaults
42,3802150a4e2e9d9adfa1a4ef041e366906c1769a,unknown,CI,completed,success,23,25412643012,271607213,Confirmed via fetch_commit_workflow_runs on PR head SHA; opt-in Ekman drag duplicate/superseded-looking PR
43,e34eeae7e2b13d03de37fb827481fc828a23875e,unknown,CI,completed,success,25,25412664702,271607213,Confirmed via fetch_commit_workflow_runs on PR head SHA; opt-in Ekman drag term
44,812fa1898977dd412ac63dfbdfb6dd0d54e6eae1,unknown,CI,completed,success,27,25412803556,271607213,Confirmed via fetch_commit_workflow_runs on PR head SHA; deterministic narrow-band Fourier forcing
45,1c83e2ecb87b4948c919643b37a80d9e4aa8a417,unknown,CI,completed,failure,29,25412902212,271607213,Confirmed via fetch_commit_workflow_runs on PR head SHA; OU forcing gate failed CI and was followed by PR 46 success
46,39506e315a2abfec481ce5fed10669e51ec09495,unknown,CI,completed,success,31,25412940587,271607213,Confirmed via fetch_commit_workflow_runs on PR head SHA; OU narrow-band Fourier forcing succeeded after prior failed gate PR
47,9a5d6e3269d5d78925b0fd10319b88111f3f7763,unknown,CI,completed,success,33,25413614313,271607213,Confirmed via fetch_commit_workflow_runs on PR head SHA; forced turbulence validation harness
48,a8f927a9302ab92e565ec04b5489559e0abf58bd,unknown,CI,completed,success,35,25414375119,271607213,Confirmed via fetch_commit_workflow_runs on PR head SHA; forced turbulence resolution sensitivity study
49,479fd71aa23a71ee77d2e086421b4d45446c9cae,unknown,CI,completed,success,37,25414726669,271607213,Confirmed via fetch_commit_workflow_runs on PR head SHA; GPLv3 license switch duplicate/superseded-looking PR
50,e95c392306f495852de89faf5cb392fd30ba87c0,unknown,CI,completed,success,39,25414745329,271607213,Confirmed via fetch_commit_workflow_runs on PR head SHA; GPLv3 license switch
51,0e7257fdb7e3ec2222f5d04187e1a6c16796eb18,unknown,CI,completed,success,41,25415705196,271607213,Confirmed via fetch_commit_workflow_runs on PR head SHA; ORCID citation authors duplicate/superseded-looking PR
52,157ef36ea0ad0283cc31cd56f5029e4feaebdd0b,unknown,CI,completed,success,43,25415746339,271607213,Confirmed via fetch_commit_workflow_runs on PR head SHA; ORCID author and citation metadata
53,4ff5657f03e0932e71b6042791f9c6166c9b26c8,unknown,CI,completed,success,45,25415918434,271607213,Confirmed via fetch_commit_workflow_runs on PR head SHA; FFTW spectral solver 512
54,8c1e7b4fa144ab47d393d704c438c413a28edcd2,unknown,CI,completed,success,47,25416371880,271607213,Confirmed via fetch_commit_workflow_runs on PR head SHA; HPC FFTW vs baseline benchmark
55,fcec6b5e5ac2ba8ef5ac239109f0d8c6bf823d21,unknown,CI,completed,success,49,25438242481,271607213,Confirmed via fetch_commit_workflow_runs on PR head SHA; reproducibility and CI auditor agent
56,afc2d34e61dbdc46c80fb773c22fb0a6904410df,unknown,CI,completed,failure,51,25443340097,271607213,Confirmed via fetch_commit_workflow_runs on PR head SHA; scientific report PDF PR failed CI and was followed by later successful PRs
57,acfce31cb976209362dc6e88239bd6d19af3998e,unknown,CI,completed,success,57,25450122148,271607213,Confirmed via fetch_commit_workflow_runs on PR head SHA; missing MMS validation module import fix
58,da5031c50b252668ba1d7fc5e279c8501e897003,unknown,CI,completed,success,59,25458032484,271607213,Confirmed via fetch_commit_workflow_runs on PR head SHA; healthy checkpoint post PDF and CI
59,803d8a0b336c9bc6445e3836474195afbe60be0d,unknown,CI,completed,success,61,25602989154,271607213,Confirmed via fetch_commit_workflow_runs on PR head SHA; Python documentation auditor agent
60,0efe42a045893ec991021698557671ce42a68700,unknown,CI,completed,success,63,25603195633,271607213,Confirmed via fetch_commit_workflow_runs on PR head SHA; solver Python modules documentation
61,f61ce852015387a0210fd04274a5100defc82552,unknown,CI,completed,success,66,25604418455,271607213,Confirmed via fetch_commit_workflow_runs on PR head SHA; MMS validation artifact status enforcement
62,b5e3c9ee2ffa578568f6b2fa84b9a6902b1eaa86,1d328e8381437a4d46402f918d4d1ffb40074e1a,CI,completed,success,68,25613173998,271607213,Confirmed via fetch_commit_workflow_runs on PR head SHA; external scientific validation protocol for 2D scope
63,ababe6d25c415a844fb2116cfb5179b8bdd24849,58edd52a5518bde2367410f09f58cc8d026be23f,CI,completed,success,70,25778166794,271607213,Confirmed via fetch_commit_workflow_runs on PR head SHA; Paper 2 evidence protocol
64,c7754f2dfaf2dd7563c8d704c107d787bf9cd0bb,46bc5495f2b794827b7545c22b42f1456af247e0,CI,completed,success,72,25778342265,271607213,Confirmed via fetch_commit_workflow_runs on PR head SHA; Paper 2 complete PR evidence dataset
65,3a3d0d00d87c20808b6f7dc076b2f91c113658af,dcd470a0beb667147a4832600fa007929ef0f291,CI,completed,success,74,25778491657,271607213,Confirmed via fetch_commit_workflow_runs on PR head SHA; docs-only metrics PR
66,24d0b8a1ddfa6d86cf80c2400448f50d7284f6f6,24c7060f57aaaf97600db187ee8f1ac6d66e4161,CI,completed,success,76,25778694134,271607213,Confirmed via fetch_commit_workflow_runs on PR head SHA; metadata dataset PR
67,f29e28314154dc163c8b8aba4551bbe53282e5b5,fa115f945ed0d593e3d286f781f30dbb8d7b3a1c,CI,completed,success,78,25805115507,271607213,Confirmed via fetch_commit_workflow_runs on PR head SHA; metadata metrics PR
68,ba35af5071c443caced54d79bbd87eda93f09a2d,48629fedb759373584da81b3ab6a7dcb53334c34,CI,completed,success,80,25806497017,271607213,Confirmed via fetch_commit_workflow_runs on PR head SHA; CI outcomes seed dataset
